station,latitude,longitude,altitude,year,month,month_num,pressure,wind_speed,temperature,dew_point,humidity,nebulosity,precipitations,nb_rainy_days,low_clouds,mid_clouds,high_clouds,date
Brest,48.444167,-4.412,94,2013,Jan,1,1014.7975806451612,4.85766129032258,7.285887096774216,5.4286290322580895,88.3991935483871,84.78629032258064,158.1,18,Stratocumulus,mid clouds invisible,high clouds invisible,2013-01-01
Brest,48.444167,-4.412,94,2013,Feb,2,1018.3892857142857,4.899107142857143,5.722321428571451,2.4093750000000207,80.25,67.74043367346938,72.6,13,Stratocumulus,mid clouds invisible,high clouds invisible,2013-02-01
Brest,48.444167,-4.412,94,2013,Mar,3,1005.2145161290323,5.172580645161291,6.362096774193573,3.070564516129055,80.58870967741936,81.0668202764977,89.39999999999999,14,Stratocumulus,mid clouds invisible,high clouds invisible,2013-03-01
Brest,48.444167,-4.412,94,2013,Apr,4,1015.51375,5.70625,8.376250000000022,5.083333333333357,80.94583333333334,70.75297619047619,115.2,12,Cumulus,mid clouds absent,high clouds invisible,2013-04-01
Brest,48.444167,-4.412,94,2013,May,5,1015.5528225806452,4.7612903225806456,10.657258064516151,7.012500000000023,79.61693548387096,66.29608294930875,80.1,10,Cumulus,mid clouds absent,Cirrus,2013-05-01
Brest,48.444167,-4.412,94,2013,Jun,6,1019.84625,4.766666666666667,13.611250000000025,10.91166666666669,84.8125,76.45178571428572,64,10,Cumulus,mid clouds invisible,high clouds invisible,2013-06-01
Brest,48.444167,-4.412,94,2013,Jul,7,1019.9036866359447,4.634216589861751,17.732373271889426,13.807891705069146,79.72235023041475,50.70852534562212,35.4,7,low clouds absent,mid clouds absent,Cirrus,2013-07-01
Brest,48.444167,-4.412,94,2013,Aug,8,1019.6229838709678,3.6423387096774196,17.054032258064538,13.121370967741957,79.66129032258064,65.00345622119816,27.8,8,Stratocumulus,mid clouds absent,Cirrus,2013-08-01
Brest,48.444167,-4.412,94,2013,Sep,9,1017.2082142857142,3.408154761904762,15.701904761904784,12.606011904761926,83.63333333333334,67.21369047619048,53.2,13,Cumulus,mid clouds absent,high clouds invisible,2013-09-01
Brest,48.444167,-4.412,94,2013,Oct,10,1012.6950268817204,5.344892473118279,14.272983870967765,11.932930107526905,86.50806451612904,75.66532258064517,145.8,18,Cumulus,mid clouds absent,high clouds invisible,2013-10-01
Brest,48.444167,-4.412,94,2013,Nov,11,1020.4969642857143,4.315476190476191,9.700892857142879,6.6726785714285946,82.07321428571429,83.74404761904762,152.6,17,Stratocumulus,mid clouds invisible,high clouds invisible,2013-11-01
Brest,48.444167,-4.412,94,2013,Dec,12,1017.6532258064516,5.748387096774193,8.3443548387097,5.9584677419355065,85.375,76.05990783410138,249.2,17,Stratocumulus,mid clouds absent,high clouds invisible,2013-12-01
Brest,48.444167,-4.412,94,2014,Jan,1,1004.2883640552996,6.017684331797235,8.155472350230438,6.066186635944722,87.11808755760369,78.39112903225806,232.2,25,Cumulus,mid clouds invisible,high clouds invisible,2014-01-01
Brest,48.444167,-4.412,94,2014,Feb,2,1001.7549107142858,7.33718112244898,7.854464285714308,4.7401785714285944,81.375,80.1498724489796,267.8,27,Cumulus,mid clouds absent,high clouds invisible,2014-02-01
Brest,48.444167,-4.412,94,2014,Mar,3,1016.5351958525346,4.460944700460829,8.396313364055322,5.724481566820297,84.25230414746544,77.65610599078342,81,12,Stratocumulus,mid clouds invisible,high clouds invisible,2014-03-01
Brest,48.444167,-4.412,94,2014,Apr,4,1014.8206666666666,4.547345238095239,10.69941666666669,7.246428571428594,81.01369047619048,66.50833333333334,69.4,8,Stratocumulus,mid clouds absent,high clouds invisible,2014-04-01
Brest,48.444167,-4.412,94,2014,May,5,1016.7423387096774,4.234677419354838,12.286290322580665,8.542338709677441,79.54032258064517,65.73387096774194,129.2,15,Cumulus,mid clouds absent,high clouds invisible,2014-05-01
Brest,48.444167,-4.412,94,2014,Jun,6,1018.93125,4.224166666666667,15.94291666666669,11.168333333333356,75.35833333333333,56.919642857142854,21.8,5,Cumulus,mid clouds absent,Cirrus,2014-06-01
Brest,48.444167,-4.412,94,2014,Jul,7,1017.2762096774194,3.6850806451612903,17.672983870967766,13.852822580645183,79.98387096774194,64.45852534562212,49.8,6,Cumulus,mid clouds absent,high clouds invisible,2014-07-01
Brest,48.444167,-4.412,94,2014,Aug,8,1014.8451612903226,4.060887096774193,15.797983870967764,12.15967741935486,80.26209677419355,71.0397465437788,118.8,10,Cumulus,mid clouds absent,high clouds invisible,2014-08-01
Brest,48.444167,-4.412,94,2014,Sep,9,1017.7475,2.9975,16.967083333333356,13.410000000000023,81.0625,58.06666666666667,12.6,2,low clouds absent,mid clouds absent,Cirrus,2014-09-01
Brest,48.444167,-4.412,94,2014,Oct,10,1014.0866935483871,4.793951612903226,14.448387096774216,11.535080645161313,83.45967741935483,73.92972350230414,120.2,15,Cumulus,mid clouds absent,high clouds invisible,2014-10-01
Brest,48.444167,-4.412,94,2014,Nov,11,1005.4575,4.347083333333333,10.540416666666692,8.310000000000022,86.57916666666667,75.92460317460318,183.2,21,Cumulus,mid clouds invisible,high clouds invisible,2014-11-01
Brest,48.444167,-4.412,94,2014,Dec,12,1023.9895161290323,4.582661290322581,8.145564516129054,5.182661290322602,82.15725806451613,82.03571428571429,90.9,21,Stratocumulus,mid clouds absent,nuages haut absent,2014-12-01
Brest,48.444167,-4.412,94,2015,Jan,1,1019.214228110599,5.514458525345622,7.68980414746546,4.708179723502328,82.09850230414746,83.66359447004608,178.6,22,Stratocumulus,mid clouds absent,nuages haut absent,2015-01-01
Brest,48.444167,-4.412,94,2015,Feb,2,1018.7584821428571,4.979464285714285,5.731696428571452,2.6031250000000243,81.32589285714286,73.41369047619048,135.5,16,Cumulus,mid clouds absent,nuages haut absent,2015-02-01
Brest,48.444167,-4.412,94,2015,Mar,3,1023.3099974398361,5.215015360983103,8.214919354838733,4.937493599590397,80.69105222734255,77.17146697388633,49.1,12,Stratocumulus,mid clouds absent,nuages haut absent,2015-03-01
Brest,48.444167,-4.412,94,2015,Apr,4,1021.1141666666666,4.35,11.236250000000025,6.503333333333355,75.1,55.397372742200325,65,8,low clouds absent,mid clouds absent,nuages haut absent,2015-04-01
Brest,48.444167,-4.412,94,2015,May,5,1017.6798387096774,4.658870967741936,12.1943548387097,9.024193548387121,82.04435483870968,83.60867895545314,86.8,11,Cumulus,mid clouds absent,nuages haut absent,2015-05-01
Brest,48.444167,-4.412,94,2015,Jun,6,1021.2291666666666,4.150416666666667,15.12541666666669,10.623750000000024,76.48333333333333,61.031150793650795,11.8,3,Cumulus,mid clouds absent,Cirrus,2015-06-01
Brest,48.444167,-4.412,94,2015,Jul,7,1017.1334677419355,4.343145161290322,16.64717741935486,12.752419354838732,79.25806451612904,74.60541474654377,84.7,11,Cumulus,mid clouds absent,nuages haut absent,2015-07-01
Brest,48.444167,-4.412,94,2015,Aug,8,1015.2032258064517,4.209677419354839,15.929435483870991,12.875403225806476,83.36693548387096,78.0226574500768,150.7,14,Stratocumulus,mid clouds absent,Cirrus,2015-08-01
Brest,48.444167,-4.412,94,2015,Sep,9,1017.5041666666667,3.9004166666666666,13.733750000000022,9.946666666666689,79.32083333333334,56.477380952380955,54.9,9,Cumulus,mid clouds absent,nuages haut absent,2015-09-01
Brest,48.444167,-4.412,94,2015,Oct,10,1016.8431451612903,4.060080645161291,12.258467741935506,9.293951612903248,82.87096774193549,71.10407066052227,107.3,8,Stratocumulus,mid clouds absent,nuages haut absent,2015-10-01
Brest,48.444167,-4.412,94,2015,Nov,11,1020.4475,5.928333333333334,12.224583333333356,9.521250000000023,84.14583333333333,83.22242063492064,125.8,15,Stratocumulus,mid clouds absent,nuages haut absent,2015-11-01
Brest,48.444167,-4.412,94,2015,Dec,12,1020.7332373271889,7.549884792626728,12.09481566820279,8.959389400921681,81.6831797235023,88.1760752688172,119,16,Stratocumulus,mid clouds absent,nuages haut absent,2015-12-01
Brest,48.444167,-4.412,94,2016,Jan,1,1011.2887096774193,6.048924731182796,8.445161290322604,5.825000000000022,84.21774193548387,87.15399385560676,283.1,25,Cumulus,mid clouds absent,nuages haut absent,2016-01-01
Brest,48.444167,-4.412,94,2016,Feb,2,1013.4801724137931,5.557327586206896,7.363793103448298,4.006465517241401,80.10344827586206,86.18185550082102,153.1,18,Cumulus,mid clouds absent,nuages haut absent,2016-02-01
Brest,48.444167,-4.412,94,2016,Mar,3,1016.0778801843318,5.638940092165899,7.312211981566843,3.397983870967765,77.18836405529954,71.8592549923195,116.6,14,Cumulus,mid clouds absent,nuages haut absent,2016-03-01
Brest,48.444167,-4.412,94,2016,Apr,4,1013.5354166666667,4.445,8.901250000000022,4.476666666666689,75.20833333333333,73.18373015873016,53.5,13,Cumulus,mid clouds absent,nuages haut absent,2016-04-01
Brest,48.444167,-4.412,94,2016,May,5,1014.6092741935483,3.9128456221198156,12.883755760368686,9.005241935483895,79.06163594470046,75.52918586789555,53,8,Cumulus,mid clouds absent,Cirrus,2016-05-01
Brest,48.444167,-4.412,94,2016,Jun,6,1016.6799404761905,3.8479761904761904,15.333273809523833,12.617440476190499,84.83988095238095,90.04543650793651,64.8,12,Cumulus,mid clouds absent,nuages haut absent,2016-06-01
Brest,48.444167,-4.412,94,2016,Jul,7,1020.1640232974911,3.5092293906810035,17.111514336917587,13.396326164874575,80.51881720430107,95.85780423280423,26.7,9,low clouds absent,mid clouds absent,nuages haut absent,2016-07-01
Brest,48.444167,-4.412,94,2016,Aug,8,1020.741935483871,3.969758064516129,17.372580645161314,14.074596774193571,82.62096774193549,96.7827380952381,45,6,low clouds absent,mid clouds absent,nuages haut absent,2016-08-01
Brest,48.444167,-4.412,94,2016,Sep,9,1018.5325,3.935416666666667,16.38416666666669,13.84166666666669,86.05,97.33511904761905,71,12,low clouds absent,mid clouds absent,nuages haut absent,2016-09-01
Brest,48.444167,-4.412,94,2016,Oct,10,1019.8826036866359,3.1589285714285715,11.121658986175138,8.339688940092188,84.44297235023042,97.37966666666667,85.4,8,low clouds absent,mid clouds absent,nuages haut absent,2016-10-01
Brest,48.444167,-4.412,94,2016,Nov,11,1015.3004761904762,4.460773809523809,8.967500000000022,6.702797619047642,86.30654761904762,96.58836996336996,119,15,low clouds absent,mid clouds absent,nuages haut absent,2016-11-01
Brest,48.444167,-4.412,94,2016,Dec,12,1027.3903225806453,3.678168202764977,8.203225806451634,6.683064516129056,90.91935483870968,98.02367216117216,32.2,7,low clouds absent,mid clouds absent,nuages haut absent,2016-12-01
Le Puy,45.0745,3.764,833,2013,Jan,1,NA,2.204032258064516,0.3923387096774428,-2.1024193548386862,83.61693548387096,91.82976190476191,20,7,low clouds absent,mid clouds absent,nuages haut absent,2013-01-01
Le Puy,45.0745,3.764,833,2013,Feb,2,NA,3.1061862244897958,-1.2552295918367133,-4.612627551020385,77.63073979591837,95.13095238095238,22,7,low clouds absent,mid clouds absent,nuages haut absent,2013-02-01
Le Puy,45.0745,3.764,833,2013,Mar,3,NA,2.979435483870968,3.709274193548411,-0.5741935483870747,75.60483870967742,94.33192239858907,52.2,6,low clouds absent,mid clouds absent,nuages haut absent,2013-03-01
Le Puy,45.0745,3.764,833,2013,Apr,4,NA,2.4166666666666665,7.036666666666689,2.542916666666689,76.16666666666667,95.33592132505176,115.4,14,low clouds absent,mid clouds absent,nuages haut absent,2013-04-01
Le Puy,45.0745,3.764,833,2013,May,5,NA,2.829838709677419,8.500403225806474,4.128225806451636,75.96370967741936,93.35714285714286,131.8,17,low clouds absent,mid clouds absent,nuages haut absent,2013-05-01
Le Puy,45.0745,3.764,833,2013,Jun,6,NA,3.10125,14.103273809523833,8.130357142857168,69.57738095238095,92.07246376811594,31.2,4,low clouds absent,mid clouds absent,nuages haut absent,2013-06-01
Le Puy,45.0745,3.764,833,2013,Jul,7,NA,1.959861111111111,18.647361111111135,11.797222222222244,67.92916666666666,95.05,98.4,9,low clouds absent,mid clouds absent,nuages haut absent,2013-07-01
Le Puy,45.0745,3.764,833,2013,Aug,8,NA,2.163037634408602,16.849731182795722,10.46451612903228,69.22177419354838,93.91666666666667,36,2,low clouds absent,mid clouds absent,nuages haut absent,2013-08-01
Le Puy,45.0745,3.764,833,2013,Sep,9,NA,2.1644047619047617,14.077837301587325,8.152083333333355,71.6547619047619,93.45370370370371,35.6,3,low clouds absent,mid clouds absent,nuages haut absent,2013-09-01
Le Puy,45.0745,3.764,833,2013,Oct,10,NA,2.6334677419354837,11.480241935483894,7.742741935483892,79.08467741935483,95.16923076923077,61.3,6,low clouds absent,mid clouds absent,nuages haut absent,2013-10-01
Le Puy,45.0745,3.764,833,2013,Nov,11,NA,3.2775,3.310000000000022,0.4300000000000234,81.625,96.22956349206349,50.6,12,low clouds absent,mid clouds absent,nuages haut absent,2013-11-01
Le Puy,45.0745,3.764,833,2013,Dec,12,NA,2.331048387096774,1.984677419354862,-1.7072580645161064,77.54838709677419,98.21266233766234,39.800000000000004,5,low clouds absent,mid clouds absent,nuages haut absent,2013-12-01
Le Puy,45.0745,3.764,833,2014,Jan,1,NA,2.265725806451613,3.493548387096798,0.6395161290322817,82.11290322580645,97.38671274961598,80,8,low clouds absent,mid clouds absent,nuages haut absent,2014-01-01
Le Puy,45.0745,3.764,833,2014,Feb,2,NA,3.0839285714285714,3.8755314625850557,-0.2865008503401151,75.29187925170068,96.46598639455782,52.9,10,low clouds absent,mid clouds absent,nuages haut absent,2014-02-01
Le Puy,45.0745,3.764,833,2014,Mar,3,NA,2.638306451612903,5.403629032258088,-0.7592741935483645,67.55645161290323,94.32440476190476,24.599999999999998,6,low clouds absent,mid clouds absent,nuages haut absent,2014-03-01
Le Puy,45.0745,3.764,833,2014,Apr,4,NA,2.5116666666666667,8.650833333333356,2.9295833333333583,70.3,96.1492673992674,50,9,low clouds absent,mid clouds absent,nuages haut absent,2014-04-01
Le Puy,45.0745,3.764,833,2014,May,5,NA,3.6399193548387094,10.51169354838712,4.62701612903228,68.83467741935483,94.60039682539683,29.2,9,low clouds absent,mid clouds absent,nuages haut absent,2014-05-01
Le Puy,45.0745,3.764,833,2014,Jun,6,NA,2.631666666666667,16.361250000000023,8.531250000000021,63.47083333333333,93.91732804232804,56,7,low clouds absent,mid clouds absent,nuages haut absent,2014-06-01
Le Puy,45.0745,3.764,833,2014,Jul,7,NA,2.757661290322581,16.003629032258086,11.294354838709701,76.01209677419355,95.70094417077176,147.4,12,low clouds absent,mid clouds absent,nuages haut absent,2014-07-01
Le Puy,45.0745,3.764,833,2014,Aug,8,NA,1.992741935483871,15.242741935483894,10.212903225806473,73.88709677419355,93.75249615975423,62.8,6,low clouds absent,mid clouds absent,nuages haut absent,2014-08-01
Le Puy,45.0745,3.764,833,2014,Sep,9,NA,2.0554166666666664,14.267500000000023,9.473750000000024,75.12916666666666,96.56437389770723,27,7,low clouds absent,mid clouds absent,nuages haut absent,2014-09-01
Le Puy,45.0745,3.764,833,2014,Oct,10,NA,1.877016129032258,11.797177419354862,8.036290322580667,79.8225806451613,96.60709706959707,85.6,6,low clouds absent,mid clouds absent,nuages haut absent,2014-10-01
Le Puy,45.0745,3.764,833,2014,Nov,11,NA,2.1731547619047618,7.68101190476193,4.770654761904785,82.85535714285714,96.69950738916256,101.60000000000001,11,low clouds absent,mid clouds absent,nuages haut absent,2014-11-01
Le Puy,45.0745,3.764,833,2014,Dec,12,NA,2.504032258064516,1.9935483870967985,-0.5963709677419116,83.72177419354838,98.58482142857143,18.9,4,low clouds absent,mid clouds absent,nuages haut absent,2014-12-01
Le Puy,45.0745,3.764,833,2015,Jan,1,NA,2.538306451612903,1.463306451612925,-1.7633064516128798,80.375,98.5515873015873,16.7,5,low clouds absent,mid clouds absent,nuages haut absent,2015-01-01
Le Puy,45.0745,3.764,833,2015,Feb,2,NA,3.0183035714285715,-0.12678571428569058,-3.7540178571428355,77.96875,97.56944444444444,16,5,low clouds absent,mid clouds absent,nuages haut absent,2015-02-01
Le Puy,45.0745,3.764,833,2015,Mar,3,NA,2.744399641577061,5.333109318996439,0.5660394265233191,73.69086021505376,97.16475340136054,29,9,low clouds absent,mid clouds absent,nuages haut absent,2015-03-01
Le Puy,45.0745,3.764,833,2015,Apr,4,NA,2.8420833333333335,8.72041666666669,1.4591666666666907,64.44583333333334,96.3027950310559,52,4,low clouds absent,mid clouds absent,nuages haut absent,2015-04-01
Le Puy,45.0745,3.764,833,2015,May,5,NA,3.4375,12.877822580645184,5.455241935483895,64.48790322580645,95.33642857142857,11.6,3,low clouds absent,mid clouds absent,nuages haut absent,2015-05-01
Le Puy,45.0745,3.764,833,2015,Jun,6,NA,2.5054166666666666,17.390833333333354,9.740000000000022,65.24583333333334,95.18095238095238,46.699999999999996,5,low clouds absent,mid clouds absent,nuages haut absent,2015-06-01
Le Puy,45.0745,3.764,833,2015,Jul,7,NA,2.6405913978494624,21.0563172043011,10.139247311827978,54.46236559139785,92.99242424242425,30.8,4,low clouds absent,mid clouds absent,nuages haut absent,2015-07-01
Le Puy,45.0745,3.764,833,2015,Aug,8,NA,2.22741935483871,18.156451612903247,10.510483870967764,65.64112903225806,96.46273291925466,70.9,8,low clouds absent,mid clouds absent,nuages haut absent,2015-08-01
Le Puy,45.0745,3.764,833,2015,Sep,9,NA,2.475,11.944583333333357,7.517083333333356,76.3875,94.79073129251701,111.6,8,low clouds absent,mid clouds absent,nuages haut absent,2015-09-01
Le Puy,45.0745,3.764,833,2015,Oct,10,NA,1.9403225806451614,7.986175115207397,5.2837557603686856,84.0581797235023,98.2634126984127,33.3,5,low clouds absent,mid clouds absent,nuages haut absent,2015-10-01
Le Puy,45.0745,3.764,833,2015,Nov,11,NA,2.46,6.280000000000023,2.9158333333333553,80.47916666666667,96.93084886128365,30.3,4,low clouds absent,mid clouds absent,nuages haut absent,2015-11-01
Le Puy,45.0745,3.764,833,2015,Dec,12,NA,1.48536866359447,5.0532450076805135,2.4455261136712987,84.29877112135176,96.84585714285714,4.2,1,low clouds absent,mid clouds absent,nuages haut absent,2015-12-01
Le Puy,45.0745,3.764,833,2016,Jan,1,NA,2.4786290322580644,3.3745967741935723,0.4951612903226029,82.31451612903226,97.05266830870279,38.8,9,low clouds absent,mid clouds absent,nuages haut absent,2016-01-01
Le Puy,45.0745,3.764,833,2016,Feb,2,NA,3.296551724137931,3.356034482758643,0.2719827586207123,80.9396551724138,97.66666666666667,42.800000000000004,10,low clouds absent,mid clouds absent,nuages haut absent,2016-02-01
Le Puy,45.0745,3.764,833,2016,Mar,3,NA,3.0600230414746545,3.657661290322602,-0.4263248847926048,76.3508064516129,97.42857142857143,44.2,9,low clouds absent,mid clouds absent,nuages haut absent,2016-03-01
Le Puy,45.0745,3.764,833,2016,Apr,4,NA,3.3016666666666667,7.385000000000023,2.43041666666669,73.00833333333334,96.98490646258503,51.5,8,low clouds absent,mid clouds absent,nuages haut absent,2016-04-01
Le Puy,45.0745,3.764,833,2016,May,5,NA,3.5286290322580647,10.740322580645183,5.256451612903247,71.25806451612904,96.46471088435374,81.3,10,low clouds absent,mid clouds absent,nuages haut absent,2016-05-01
Le Puy,45.0745,3.764,833,2016,Jun,6,NA,2.2758333333333334,15.137380952380976,10.267321428571453,74.90238095238095,93.81855500821018,81.10000000000001,11,low clouds absent,mid clouds absent,nuages haut absent,2016-06-01
Le Puy,45.0745,3.764,833,2016,Jul,7,NA,2.4036290322580647,18.172625448028697,11.263261648745543,67.6415770609319,94.44380952380952,82.1,6,low clouds absent,mid clouds absent,nuages haut absent,2016-07-01
Le Puy,45.0745,3.764,833,2016,Aug,8,NA,2.0391129032258064,17.435887096774216,10.62217741935486,67.88306451612904,93.88095238095238,49.800000000000004,5,low clouds absent,mid clouds absent,nuages haut absent,2016-08-01
Le Puy,45.0745,3.764,833,2016,Sep,9,NA,2.026666666666667,14.993333333333357,9.632083333333355,73.42083333333333,94.84057971014492,46.1,6,low clouds absent,mid clouds absent,nuages haut absent,2016-09-01
Le Puy,45.0745,3.764,833,2016,Oct,10,NA,1.9545506912442396,8.334735023041496,5.177073732718917,82.09735023041475,96.82678571428572,68.89999999999999,5,low clouds absent,mid clouds absent,nuages haut absent,2016-10-01
Le Puy,45.0745,3.764,833,2016,Nov,11,NA,2.3533333333333335,5.447083333333357,2.7683333333333566,83.82916666666667,97.62097701149425,102.5,10,low clouds absent,mid clouds absent,nuages haut absent,2016-11-01
Le Puy,45.0745,3.764,833,2016,Dec,12,NA,1.094578853046595,1.6758512544803101,-0.9373207885304421,84.47894265232975,96.9390873015873,18.2,3,low clouds absent,mid clouds absent,nuages haut absent,2016-12-01
Nancy,48.581,5.959833,336,2013,Jan,1,1016.6490783410138,3.431221198156682,1.0535138248848153,-0.07027649769582951,91.91129032258064,99.11405529953917,49.2,9,low clouds absent,mid clouds absent,nuages haut absent,2013-01-01
Nancy,48.581,5.959833,336,2013,Feb,2,1016.7185586734694,3.5332270408163264,-0.41447704081630393,-2.394005102040794,86.3813775510204,97.94608843537415,66,9,low clouds absent,mid clouds absent,nuages haut absent,2013-02-01
Nancy,48.581,5.959833,336,2013,Mar,3,1008.2572580645161,3.406048387096774,2.807258064516152,-1.0915322580644946,76.80645161290323,97.54166666666667,35,5,low clouds absent,mid clouds absent,nuages haut absent,2013-03-01
Nancy,48.581,5.959833,336,2013,Apr,4,1015.2491666666667,4.064166666666667,9.32541666666669,3.1666666666666874,68.1375,97.4080459770115,106.2,9,low clouds absent,mid clouds absent,nuages haut absent,2013-04-01
Nancy,48.581,5.959833,336,2013,May,5,1012.7122695852535,3.3491935483870967,10.53991935483873,7.531298003072218,83.20372503840245,97.0028801843318,134.6,17,low clouds absent,mid clouds absent,nuages haut absent,2013-05-01
Nancy,48.581,5.959833,336,2013,Jun,6,1018.2429166666667,3.2420833333333334,16.270833333333357,10.781250000000021,72.7625,92.98290476190476,68.2,7,low clouds absent,mid clouds absent,nuages haut absent,2013-06-01
Nancy,48.581,5.959833,336,2013,Jul,7,1018.838629032258,2.9305645161290323,20.91927419354841,13.500241935483894,65.99112903225806,92.68675595238095,43.3,4,low clouds absent,mid clouds absent,nuages haut absent,2013-07-01
Nancy,48.581,5.959833,336,2013,Aug,8,1018.1133064516129,2.520564516129032,18.573790322580667,11.997580645161314,69.12096774193549,92.15902777777778,60.7,8,low clouds absent,mid clouds absent,nuages haut absent,2013-08-01
Nancy,48.581,5.959833,336,2013,Sep,9,1016.63625,3.1144444444444446,14.6952777777778,11.25250000000002,81.76527777777778,97.58173076923077,100,13,low clouds absent,mid clouds absent,nuages haut absent,2013-09-01
Nancy,48.581,5.959833,336,2013,Oct,10,1016.5490783410138,3.9578341013824883,12.278110599078365,9.939458525345644,86.4176267281106,96.92396313364056,139.8,13,low clouds absent,mid clouds absent,nuages haut absent,2013-10-01
Nancy,48.581,5.959833,336,2013,Nov,11,1017.787380952381,3.9019642857142856,4.852916666666689,3.3101190476190707,90.19047619047619,98.7688492063492,100.2,16,low clouds absent,mid clouds absent,nuages haut absent,2013-11-01
Nancy,48.581,5.959833,336,2013,Dec,12,1023.1539170506912,4.244028417818741,3.672811059907856,1.7032258064516337,87.92165898617512,98.34946236559139,37.2,6,low clouds absent,mid clouds absent,nuages haut absent,2013-12-01
Nancy,48.581,5.959833,336,2014,Jan,1,1010.388306451613,4.1658986175115205,4.822580645161314,2.7899193548387347,87.30645161290323,96.67983870967741,56,14,low clouds absent,mid clouds absent,nuages haut absent,2014-01-01
Nancy,48.581,5.959833,336,2014,Feb,2,1009.4513392857143,5.279974489795919,5.313839285714308,2.521875000000024,83.14732142857143,98.41139455782313,68.5,12,low clouds absent,mid clouds absent,nuages haut absent,2014-02-01
Nancy,48.581,5.959833,336,2014,Mar,3,1017.671370967742,2.725403225806452,7.9141129032258295,2.1350806451613145,70.33467741935483,96.18059523809524,17.2,2,low clouds absent,mid clouds absent,nuages haut absent,2014-03-01
Nancy,48.581,5.959833,336,2014,Apr,4,1015.1392261904762,2.7220833333333334,11.486309523809545,5.26839285714288,68.04761904761905,95.23099816849816,6.6000000000000005,2,low clouds absent,mid clouds absent,nuages haut absent,2014-04-01
Nancy,48.581,5.959833,336,2014,May,5,1016.5520161290323,3.797983870967742,12.958064516129056,7.739112903225829,73.29838709677419,93.6144499178982,50.8,13,low clouds absent,mid clouds absent,nuages haut absent,2014-05-01
Nancy,48.581,5.959833,336,2014,Jun,6,1016.8779166666667,3.014404761904762,18.1661904761905,9.791726190476213,61.43571428571428,90.81666666666666,32.8,4,low clouds absent,mid clouds absent,nuages haut absent,2014-06-01
Nancy,48.581,5.959833,336,2014,Jul,7,1014.333870967742,2.770564516129032,19.10725806451615,13.876209677419379,74.86290322580645,96.01190476190476,112.4,12,low clouds absent,mid clouds absent,nuages haut absent,2014-07-01
Nancy,48.581,5.959833,336,2014,Aug,8,1014.7209677419355,3.1201612903225806,16.217741935483893,12.352419354838734,79.31451612903226,90.19666666666667,91,13,low clouds absent,mid clouds absent,nuages haut absent,2014-08-01
Nancy,48.581,5.959833,336,2014,Sep,9,1018.2325,2.29875,15.795416666666691,11.971250000000024,79.69583333333334,95.80454545454546,23,4,low clouds absent,mid clouds absent,nuages haut absent,2014-09-01
Nancy,48.581,5.959833,336,2014,Oct,10,1017.4762096774193,2.683467741935484,12.869758064516153,10.856048387096797,88.48790322580645,95.27702821869488,76.6,9,low clouds absent,mid clouds absent,nuages haut absent,2014-10-01
Nancy,48.581,5.959833,336,2014,Nov,11,1011.7926785714286,2.894107142857143,7.791964285714307,6.597023809523833,92.56904761904762,96.69850088183422,98.6,10,low clouds absent,mid clouds absent,nuages haut absent,2014-11-01
Nancy,48.581,5.959833,336,2014,Dec,12,1021.8912442396313,4.099884792626728,3.336981566820298,2.305357142857165,93.26209677419355,97.3778801843318,54.2,10,low clouds absent,mid clouds absent,nuages haut absent,2014-12-01
Nancy,48.581,5.959833,336,2015,Jan,1,1019.5986175115207,4.124366359447005,2.146082949308778,0.8905529953917283,92.18490783410138,97.44988479262673,88.8,16,low clouds absent,mid clouds absent,nuages haut absent,2015-01-01
Nancy,48.581,5.959833,336,2015,Feb,2,1017.945663265306,3.532908163265306,1.5297193877551263,-0.7668367346938549,85.90242346938776,95.93047619047618,32.1,6,low clouds absent,mid clouds absent,nuages haut absent,2015-02-01
Nancy,48.581,5.959833,336,2015,Mar,3,1021.2599462365591,3.499462365591398,6.2527777777778,1.6700268817204529,74.99417562724014,94.46969696969697,25.7,7,low clouds absent,mid clouds absent,nuages haut absent,2015-03-01
Nancy,48.581,5.959833,336,2015,Apr,4,1021.05,3.2329166666666667,10.603333333333355,2.774583333333356,63.18333333333333,94.02566964285714,73.10000000000001,9,low clouds absent,mid clouds absent,nuages haut absent,2015-04-01
Nancy,48.581,5.959833,336,2015,May,5,1017.0708333333333,3.184111111111111,13.347388888888913,8.179500000000022,73.46666666666667,94.61287477954144,58.9,7,low clouds absent,mid clouds absent,nuages haut absent,2015-05-01
Nancy,48.581,5.959833,336,2015,Jun,6,1019.0919047619047,2.9604563492063494,17.589404761904785,10.665376984127006,66.78055555555555,91.66097308488612,43.699999999999996,7,low clouds absent,mid clouds absent,nuages haut absent,2015-06-01
Nancy,48.581,5.959833,336,2015,Jul,7,1015.7298387096774,3.517741935483871,21.853629032258088,11.770967741935507,56.38306451612903,92.41542658730158,15.2,4,low clouds absent,mid clouds absent,nuages haut absent,2015-07-01
Nancy,48.581,5.959833,336,2015,Aug,8,1015.2040322580646,3.043548387096774,20.963709677419377,12.4443548387097,62.875,94.42994505494505,30.1,6,low clouds absent,mid clouds absent,nuages haut absent,2015-08-01
Nancy,48.581,5.959833,336,2015,Sep,9,1017.8095833333333,3.73125,13.442916666666688,8.700000000000022,75.32083333333334,94.58804761904761,87.3,10,low clouds absent,mid clouds absent,nuages haut absent,2015-09-01
Nancy,48.581,5.959833,336,2015,Oct,10,1018.6032258064516,2.54758064516129,9.120564516129058,7.05403225806454,88.08467741935483,99.19502551020408,33.2,6,low clouds absent,mid clouds absent,nuages haut absent,2015-10-01
Nancy,48.581,5.959833,336,2015,Nov,11,1021.7108333333333,4.463333333333333,8.261666666666688,6.302916666666689,88.29583333333333,98.80224867724867,82.4,6,low clouds absent,mid clouds absent,nuages haut absent,2015-11-01
Nancy,48.581,5.959833,336,2015,Dec,12,1028.3256912442396,3.9797811059907833,7.692050691244262,5.699020737327212,87.7839861751152,97.0952380952381,13.6,5,low clouds absent,mid clouds absent,nuages haut absent,2015-12-01
Nancy,48.581,5.959833,336,2016,Jan,1,1015.5883640552995,4.299308755760369,3.5513824884792844,1.8544930875576249,89.17453917050692,97.01531746031746,87.9,16,low clouds absent,mid clouds absent,nuages haut absent,2016-01-01
Nancy,48.581,5.959833,336,2016,Feb,2,1013.5949507389163,5.393903940886699,4.37253694581283,1.7920566502463284,84.22844827586206,97.01615646258503,96.2,13,low clouds absent,mid clouds absent,nuages haut absent,2016-02-01
Nancy,48.581,5.959833,336,2016,Mar,3,1015.1108870967741,3.9773617511520736,4.71733870967744,1.1456797235023286,79.23271889400921,96.58312074829932,63,11,low clouds absent,mid clouds absent,nuages haut absent,2016-03-01
Nancy,48.581,5.959833,336,2016,Apr,4,1013.785,3.3085119047619047,8.466666666666688,4.271666666666689,77.16904761904762,96.56802721088435,86.5,16,low clouds absent,mid clouds absent,nuages haut absent,2016-04-01
Nancy,48.581,5.959833,336,2016,May,5,1013.7664708141322,2.896405529953917,13.441847158218149,8.995276497695874,77.02711213517665,95.05357142857143,131.1,16,low clouds absent,mid clouds absent,nuages haut absent,2016-05-01
Nancy,48.581,5.959833,336,2016,Jun,6,1014.7867857142858,2.965357142857143,16.62136904761907,13.534821428571451,83.52321428571429,95.63337438423645,97.3,17,low clouds absent,mid clouds absent,nuages haut absent,2016-06-01
Nancy,48.581,5.959833,336,2016,Jul,7,1018.3737903225806,2.6653225806451615,19.43669354838712,13.823387096774217,72.4758064516129,94.15666666666667,38.8,7,low clouds absent,mid clouds absent,nuages haut absent,2016-07-01
Nancy,48.581,5.959833,336,2016,Aug,8,1019.561405529954,2.5514400921658984,19.588709677419377,13.097983870967767,69.19066820276498,93.56916099773242,34.7,5,low clouds absent,mid clouds absent,nuages haut absent,2016-08-01
Nancy,48.581,5.959833,336,2016,Sep,9,1018.8408333333333,2.475833333333333,17.618333333333354,11.18916666666669,69.2,93.79248120300751,22.5,4,low clouds absent,mid clouds absent,nuages haut absent,2016-09-01
Nancy,48.581,5.959833,336,2016,Oct,10,1021.240495391705,2.8982718894009216,9.108352534562234,6.84251152073735,86.87672811059907,98.09655172413792,40,6,low clouds absent,mid clouds absent,nuages haut absent,2016-10-01
Nancy,48.581,5.959833,336,2016,Nov,11,1016.5285714285715,3.8051785714285713,5.400773809523833,3.2968452380952606,87.14107142857142,98.16618165784833,71.5,9,low clouds absent,mid clouds absent,nuages haut absent,2016-11-01
Nancy,48.581,5.959833,336,2016,Dec,12,1031.6854838709678,2.242741935483871,1.5282258064516367,0.3766129032258288,92.72983870967742,98.91322751322751,4.5,2,low clouds absent,mid clouds absent,nuages haut absent,2016-12-01
Nice,43.648833,7.209,2,2013,Jan,1,1011.497465437788,4.047926267281106,8.224539170506937,1.7812788018433399,65.2926267281106,56.189516129032256,109.2,9,low clouds absent,mid clouds absent,Cirrus,2013-01-01
Nice,43.648833,7.209,2,2013,Feb,2,1010.2794642857143,4.572767857142857,7.618303571428594,-0.8370535714285481,57.40625,56.339285714285715,87.8,5,Stratocumulus,mid clouds absent,nuages haut absent,2013-02-01
Nice,43.648833,7.209,2,2013,Mar,3,1005.4201612903225,4.3237903225806456,10.531451612903247,5.678629032258088,73.08064516129032,70.60195852534562,241.8,15,Stratocumulus,mid clouds invisible,high clouds invisible,2013-03-01
Nice,43.648833,7.209,2,2013,Apr,4,1013.2845833333333,3.674166666666667,14.112916666666688,9.626250000000022,75.37083333333334,62.354166666666664,81.8,12,Stratocumulus,mid clouds absent,high clouds invisible,2013-04-01
Nice,43.648833,7.209,2,2013,May,5,1010.4205069124424,3.96676267281106,16.2193548387097,10.746370967741958,71.125,51.785714285714285,118,6,Cumulus,mid clouds absent,Cirrus,2013-05-01
Nice,43.648833,7.209,2,2013,Jun,6,1015.4816666666667,3.100833333333333,20.137083333333354,14.714583333333357,71.8,40.375,25.4,3,Cumulus,mid clouds absent,Cirrus,2013-06-01
Nice,43.648833,7.209,2,2013,Jul,7,1016.8,3.170161290322581,25.127822580645187,17.67258064516131,64.43548387096774,35.060483870967744,23.6,1,low clouds absent,mid clouds absent,nuages haut absent,2013-07-01
Nice,43.648833,7.209,2,2013,Aug,8,1015.1223502304148,3.107142857142857,24.931682027649792,17.30656682027652,63.38133640552996,28.30069124423963,14,2,Cumulus,mid clouds absent,nuages haut absent,2013-08-01
Nice,43.648833,7.209,2,2013,Sep,9,1014.3333333333334,3.2516666666666665,21.55291666666669,14.669583333333357,65.90416666666667,40.267857142857146,15.200000000000001,2,Cumulus,mid clouds absent,Cirrus,2013-09-01
Nice,43.648833,7.209,2,2013,Oct,10,1017.3633640552996,3.5929147465437787,18.259619815668227,13.340092165898641,73.92857142857143,63.00403225806452,35.8,4,Stratocumulus,mid clouds absent,Cirrus,2013-10-01
Nice,43.648833,7.209,2,2013,Nov,11,1011.53875,4.880833333333333,12.75416666666669,4.259166666666692,58.81666666666667,52.4375,72.8,6,low clouds absent,mid clouds absent,nuages haut absent,2013-11-01
Nice,43.648833,7.209,2,2013,Dec,12,1022.638306451613,4.830241935483871,10.01975806451615,2.8366935483871187,62.73790322580645,42.80241935483871,158.8,7,low clouds absent,mid clouds absent,Cirrus,2013-12-01
Nice,43.648833,7.209,2,2014,Jan,1,1011.5564516129032,4.001612903225807,9.588306451612924,4.614516129032281,72.45967741935483,68.54166666666667,282.8,14,Stratocumulus,mid clouds absent,high clouds invisible,2014-01-01
Nice,43.648833,7.209,2,2014,Feb,2,1012.009375,4.215178571428571,9.887946428571452,4.47321428571431,70.32142857142857,59.776785714285715,142,12,Stratocumulus,mid clouds absent,high clouds invisible,2014-02-01
Nice,43.648833,7.209,2,2014,Mar,3,1014.9633064516129,3.863709677419355,12.386290322580669,5.166129032258087,63.225806451612904,49.516129032258064,54,3,low clouds absent,mid clouds absent,Cirrus,2014-03-01
Nice,43.648833,7.209,2,2014,Apr,4,1012.2933928571429,3.511547619047619,15.220238095238118,9.641666666666689,70.1952380952381,60.17857142857143,8,2,Cumulus,mid clouds absent,Cirrus,2014-04-01
Nice,43.648833,7.209,2,2014,May,5,1014.258064516129,4.171774193548387,17.491129032258087,10.366129032258089,64.38306451612904,54.53052995391705,18.8,2,Cumulus,mid clouds absent,Cirrus,2014-05-01
Nice,43.648833,7.209,2,2014,Jun,6,1014.5670833333334,3.3666666666666667,22.35125000000002,15.384583333333357,65.85416666666667,43.666666666666664,10.6,3,low clouds absent,mid clouds absent,Cirrus,2014-06-01
Nice,43.648833,7.209,2,2014,Jul,7,1012.4189516129032,3.463709677419355,23.149596774193572,16.607661290322604,67.32661290322581,43.36693548387097,27,4,Cumulus,mid clouds absent,Cirrus,2014-07-01
Nice,43.648833,7.209,2,2014,Aug,8,1012.8375,3.643951612903226,23.48709677419357,17.231048387096795,68.63709677419355,40.12384792626728,24,2,Cumulus,mid clouds absent,Cirrus,2014-08-01
Nice,43.648833,7.209,2,2014,Sep,9,1015.1658333333334,3.4491666666666667,22.060833333333356,15.30041666666669,66.29583333333333,47.208333333333336,8.6,1,Cumulus,mid clouds absent,Cirrus,2014-09-01
Nice,43.648833,7.209,2,2014,Oct,10,1017.0181451612904,3.8100806451612903,19.195564516129057,12.5193548387097,66.79838709677419,47.465437788018434,47.6,4,Stratocumulus,mid clouds absent,nuages haut absent,2014-10-01
Nice,43.648833,7.209,2,2014,Nov,11,1012.27625,4.665,14.618333333333357,9.82041666666669,73.80416666666666,64.92261904761905,541.8,15,Stratocumulus,mid clouds absent,high clouds invisible,2014-11-01
Nice,43.648833,7.209,2,2014,Dec,12,1017.2673387096775,4.711693548387097,10.528629032258088,3.4762096774193787,63.65725806451613,75,71.7,6,low clouds absent,mid clouds absent,nuages haut absent,2014-12-01
Nice,43.648833,7.209,2,2015,Jan,1,1016.9528225806451,4.568951612903226,9.088709677419377,1.3826612903226039,60.096774193548384,NaN,37.9,5,low clouds absent,mid clouds absent,nuages haut absent,2015-01-01
Nice,43.648833,7.209,2,2015,Feb,2,1012.1839285714286,4.2508928571428575,9.17276785714288,2.163392857142878,63.200892857142854,NaN,95.9,8,low clouds absent,mid clouds absent,nuages haut absent,2015-02-01
Nice,43.648833,7.209,2,2015,Mar,3,1016.906368407578,4.305017921146954,12.292063492063512,5.4622503840246015,64.44540450588838,25,22.3,5,low clouds absent,mid clouds absent,nuages haut absent,2015-03-01
Nice,43.648833,7.209,2,2015,Apr,4,1018.7183333333334,3.3295833333333333,14.487916666666688,9.055000000000023,71.07083333333334,NaN,48.6,3,low clouds absent,mid clouds absent,nuages haut absent,2015-04-01
Nice,43.648833,7.209,2,2015,May,5,1014.4604838709678,3.1491935483870965,18.517338709677446,12.709677419354863,70.04838709677419,NaN,7.6,1,low clouds absent,mid clouds absent,nuages haut absent,2015-05-01
Nice,43.648833,7.209,2,2015,Jun,6,1016.17125,3.390416666666667,23.120000000000022,16.10083333333336,65.525,NaN,14.7,2,low clouds absent,mid clouds absent,nuages haut absent,2015-06-01
Nice,43.648833,7.209,2,2015,Jul,7,1013.9225806451612,3.2129032258064516,27.024193548387117,19.395967741935504,64.50403225806451,NaN,0,0,low clouds absent,mid clouds absent,nuages haut absent,2015-07-01
Nice,43.648833,7.209,2,2015,Aug,8,1014.6903225806451,3.166532258064516,24.98387096774196,16.649596774193572,60.67338709677419,NaN,26.1,3,low clouds absent,mid clouds absent,nuages haut absent,2015-08-01
Nice,43.648833,7.209,2,2015,Sep,9,1014.4791071428572,4.142857142857143,21.36636904761907,12.57839285714288,58.38214285714286,49.322916666666664,24.4,5,low clouds absent,mid clouds absent,nuages haut absent,2015-09-01
Nice,43.648833,7.209,2,2015,Oct,10,1015.0282258064516,3.720967741935484,16.56693548387099,10.945967741935506,70.20967741935483,58.51958525345622,234.4,9,Stratocumulus,mid clouds absent,nuages haut absent,2015-10-01
Nice,43.648833,7.209,2,2015,Nov,11,1020.17375,4.147916666666666,13.279583333333358,5.961250000000025,62.766666666666666,45.49107142857143,9.8,2,low clouds absent,mid clouds absent,Cirrus,2015-11-01
Nice,43.648833,7.209,2,2015,Dec,12,1030.438940092166,4.2259216589861754,11.112615207373294,4.911347926267302,66.19988479262673,53.729838709677416,25.5,2,Stratocumulus,mid clouds absent,nuages haut absent,2015-12-01
Nice,43.648833,7.209,2,2016,Jan,1,1016.3935483870968,4.430645161290323,9.710483870967764,2.4241935483871186,62.58870967741935,60.84773425499232,17.3,2,Stratocumulus,mid clouds absent,nuages haut absent,2016-01-01
Nice,43.648833,7.209,2,2016,Feb,2,1012.5904556650246,4.349568965517241,10.673255336617427,4.0992610837438646,65.86412151067323,61.50246305418719,76.7,7,Stratocumulus,mid clouds absent,nuages haut absent,2016-02-01
Nice,43.648833,7.209,2,2016,Mar,3,1011.4036290322581,4.609677419354838,11.67419354838712,4.4068548387097,62.83064516129032,48.68279569892473,26.4,5,low clouds absent,mid clouds absent,nuages haut absent,2016-03-01
Nice,43.648833,7.209,2,2016,Apr,4,1011.5229166666667,4.067083333333334,15.404583333333356,8.60291666666669,65.69166666666666,51.645833333333336,6.2,4,low clouds absent,mid clouds absent,Cirrus,2016-04-01
Nice,43.648833,7.209,2,2016,May,5,1012.2874423963134,4.364746543778802,17.642165898617534,10.40357142857145,64.33467741935483,47.672811059907836,33,4,low clouds absent,mid clouds absent,Cirrus,2016-05-01
Nice,43.648833,7.209,2,2016,Jun,6,1013.5398333333334,3.03825,20.995583333333354,16.119083333333357,74.37333333333333,50.357142857142854,21,4,Stratocumulus,mid clouds absent,nuages haut absent,2016-06-01
Nice,43.648833,7.209,2,2016,Jul,7,1015.4775985663082,3.129704301075269,24.552956989247335,18.053046594982103,68.55421146953405,28.091077828981057,1.2999999999999998,1,low clouds absent,mid clouds absent,nuages haut absent,2016-07-01
Nice,43.648833,7.209,2,2016,Aug,8,1016.9822580645161,3.1068548387096775,24.815322580645184,17.324193548387118,64.01612903225806,26.068548387096776,7.7,2,low clouds absent,mid clouds absent,nuages haut absent,2016-08-01
Nice,43.648833,7.209,2,2016,Sep,9,1016.9791666666666,3.578333333333333,22.94833333333336,15.170833333333356,62.541666666666664,39.57142857142857,28.499999999999996,2,low clouds absent,mid clouds absent,Cirrus,2016-09-01
Nice,43.648833,7.209,2,2016,Oct,10,1017.100633640553,3.994930875576037,17.23865207373274,11.345334101382512,69.4971198156682,50.480990783410135,105.4,8,Stratocumulus,mid clouds absent,Cirrus,2016-10-01
Nice,43.648833,7.209,2,2016,Nov,11,1015.3266666666667,4.817083333333334,13.104861111111132,7.1627777777778014,68.78888888888889,53.044642857142854,141.6,8,Stratocumulus,mid clouds absent,nuages haut absent,2016-11-01
Nice,43.648833,7.209,2,2016,Dec,12,1027.3016129032258,5.005645161290323,10.351209677419378,3.2399193548387344,62.13709677419355,39.5823732718894,7.7,2,Stratocumulus,mid clouds absent,nuages haut absent,2016-12-01
Toulouse,43.621,1.378833,151,2013,Jan,1,1018.4729838709677,3.2778225806451613,5.227016129032281,3.0193548387097007,86.15322580645162,88.394777265745,138.8,15,Stratocumulus,mid clouds invisible,high clouds invisible,2013-01-01
Toulouse,43.621,1.378833,151,2013,Feb,2,1017.3495535714286,4.464732142857143,5.018750000000023,1.1812500000000223,77.13839285714286,69.76415816326531,60,10,Stratocumulus,mid clouds invisible,high clouds invisible,2013-02-01
Toulouse,43.621,1.378833,151,2013,Mar,3,1006.6270161290322,4.722523041474655,9.516935483870991,4.816129032258086,73.9475806451613,77.0524193548387,50.4,11,Stratocumulus,mid clouds absent,high clouds invisible,2013-03-01
Toulouse,43.621,1.378833,151,2013,Apr,4,1015.9894642857142,3.862202380952381,11.747261904761928,6.239047619047639,71.05119047619047,79.09246031746032,71.1,11,Stratocumulus,mid clouds invisible,high clouds invisible,2013-04-01
Toulouse,43.621,1.378833,151,2013,May,5,1015.6221774193548,4.3314516129032254,13.140322580645181,8.161290322580667,73.79838709677419,78.45679723502305,79.2,13,Cumulus,mid clouds absent,high clouds invisible,2013-05-01
Toulouse,43.621,1.378833,151,2013,Jun,6,1019.2679166666667,4.1075,17.665833333333357,12.09166666666669,71.83333333333333,73.66626984126984,71,8,Cumulus,mid clouds absent,high clouds invisible,2013-06-01
Toulouse,43.621,1.378833,151,2013,Jul,7,1017.2822580645161,2.9040322580645164,24.518548387096796,16.2818548387097,63.03629032258065,47.333333333333336,28.4,5,low clouds absent,mid clouds absent,Cirrus,2013-07-01
Toulouse,43.621,1.378833,151,2013,Aug,8,1018.1842741935484,3.581451612903226,22.378225806451635,13.933467741935507,61.939516129032256,50.295698924731184,32.4,4,low clouds absent,mid clouds absent,Cirrus,2013-08-01
Toulouse,43.621,1.378833,151,2013,Sep,9,1017.65375,3.7516666666666665,19.245000000000022,13.133750000000022,70.58333333333333,63.407738095238095,23,5,Cumulus,mid clouds absent,Cirrus,2013-09-01
Toulouse,43.621,1.378833,151,2013,Oct,10,1017.3217741935484,3.6350806451612905,16.669758064516152,12.031048387096797,75.72983870967742,75.54339477726575,51.4,6,low clouds absent,mid clouds absent,Cirrus,2013-10-01
Toulouse,43.621,1.378833,151,2013,Nov,11,1020.0879166666666,4.42875,8.298333333333353,5.619583333333357,84.03333333333333,83.91626984126984,91.60000000000001,16,Stratocumulus,mid clouds invisible,high clouds invisible,2013-11-01
Toulouse,43.621,1.378833,151,2013,Dec,12,1024.1443548387097,3.483064516129032,6.25927419354841,3.543145161290344,83.7741935483871,63.94231950844854,25,5,low clouds absent,mid clouds absent,high clouds invisible,2013-12-01
Toulouse,43.621,1.378833,151,2014,Jan,1,1012.6060483870967,4.1782258064516125,8.445161290322604,5.998790322580668,85.22177419354838,87.75633640552995,70,10,Stratocumulus,mid clouds invisible,high clouds invisible,2014-01-01
Toulouse,43.621,1.378833,151,2014,Feb,2,1013.0558035714286,4.328571428571428,7.971428571428594,4.341964285714311,79.09375,77.41624149659864,51.6,14,low clouds absent,Altostratus,high clouds invisible,2014-02-01
Toulouse,43.621,1.378833,151,2014,Mar,3,1018.0274193548387,4.654435483870968,10.345564516129055,4.455645161290346,69.46774193548387,58.5,36.6,6,low clouds absent,mid clouds absent,Cirrus,2014-03-01
Toulouse,43.621,1.378833,151,2014,Apr,4,1015.2475,3.8457738095238096,14.005000000000022,8.378750000000021,72.31666666666666,69.74861111111112,55.800000000000004,8,Stratocumulus,mid clouds absent,Cirrus,2014-04-01
Toulouse,43.621,1.378833,151,2014,May,5,1017.8052419354839,4.336693548387097,15.082661290322601,9.241129032258087,70.64516129032258,72.07872503840245,55.8,9,Cumulus,mid clouds absent,Cirrus,2014-05-01
Toulouse,43.621,1.378833,151,2014,Jun,6,1016.3383333333334,4.2375,21.338750000000022,13.254583333333358,62.925,60.63948412698413,93.4,4,Cumulus,mid clouds absent,Cirrus,2014-06-01
Toulouse,43.621,1.378833,151,2014,Jul,7,1016.445564516129,4.030241935483871,21.010887096774216,15.300806451612925,72.02822580645162,68.91274961597543,79.4,11,Cumulus,mid clouds absent,Cirrus,2014-07-01
Toulouse,43.621,1.378833,151,2014,Aug,8,1016.6633064516129,2.877016129032258,20.530645161290344,14.668145161290346,70.95564516129032,75.34600614439324,64.8,10,Cumulus,mid clouds absent,Cirrus,2014-08-01
Toulouse,43.621,1.378833,151,2014,Sep,9,1015.7508333333334,2.7389285714285716,20.60511904761907,13.641488095238119,67.18630952380953,55.138888888888886,43.8,6,low clouds absent,mid clouds absent,Cirrus,2014-09-01
Toulouse,43.621,1.378833,151,2014,Oct,10,1017.2737903225807,3.1278225806451614,17.400806451612926,12.508467741935506,74.87903225806451,54.03590629800307,30.8,2,low clouds absent,mid clouds absent,Cirrus,2014-10-01
Toulouse,43.621,1.378833,151,2014,Nov,11,1009.8969047619048,3.7620833333333334,12.706309523809546,9.670535714285737,82.92261904761905,77.24285714285715,65.2,9,Stratocumulus,Altostratus,Cirrus,2014-11-01
Toulouse,43.621,1.378833,151,2014,Dec,12,1025.2334677419356,3.532258064516129,6.087903225806475,3.8794354838709912,86.29435483870968,82.14285714285714,28,6,Stratocumulus,mid clouds absent,nuages haut absent,2014-12-01
Toulouse,43.621,1.378833,151,2015,Jan,1,1023.7379032258065,3.4629032258064516,5.6213709677419565,3.1870967741935723,85.20564516129032,85.8636712749616,22.6,6,Stratocumulus,mid clouds absent,nuages haut absent,2015-01-01
Toulouse,43.621,1.378833,151,2015,Feb,2,1018.6772321428572,4.078125,5.338392857142879,2.0638392857143093,80.65178571428571,74.94536564625851,59,11,Stratocumulus,mid clouds absent,nuages haut absent,2015-02-01
Toulouse,43.621,1.378833,151,2015,Mar,3,1022.6005696364567,4.536187916026626,10.285855094726085,6.109383000512055,77.66807475678443,82.99769585253456,43.3,10,Stratocumulus,mid clouds absent,nuages haut absent,2015-03-01
Toulouse,43.621,1.378833,151,2015,Apr,4,1020.3991666666667,3.71,14.19291666666669,6.808750000000023,65.57916666666667,63.41984126984127,64.9,7,low clouds absent,mid clouds absent,nuages haut absent,2015-04-01
Toulouse,43.621,1.378833,151,2015,May,5,1019.2274193548387,4.532258064516129,16.951612903225833,10.40241935483873,68.4274193548387,77.33544546850999,22.6,6,Cumulus,mid clouds absent,nuages haut absent,2015-05-01
Toulouse,43.621,1.378833,151,2015,Jun,6,1018.4224404761904,3.515833333333333,22.165476190476213,13.368333333333357,62.19642857142857,49.43928571428572,69.5,4,low clouds absent,mid clouds absent,nuages haut absent,2015-06-01
Toulouse,43.621,1.378833,151,2015,Jul,7,1017.2612903225806,4.000403225806451,24.198387096774216,14.52903225806454,58.67741935483871,62.634408602150536,47.3,5,low clouds absent,mid clouds absent,Cirrus,2015-07-01
Toulouse,43.621,1.378833,151,2015,Aug,8,1016.0423387096774,3.765322580645161,22.172983870967766,14.79193548387099,67.1975806451613,58.16205837173579,78.7,7,low clouds absent,mid clouds absent,nuages haut absent,2015-08-01
Toulouse,43.621,1.378833,151,2015,Sep,9,1017.2150595238095,3.185297619047619,17.70077380952383,11.166488095238117,68.8422619047619,64.2734126984127,29.9,5,low clouds absent,mid clouds absent,nuages haut absent,2015-09-01
Toulouse,43.621,1.378833,151,2015,Oct,10,1016.5568548387097,3.496774193548387,14.250403225806473,9.053629032258087,73.56854838709677,70.02995391705069,15.099999999999998,4,low clouds absent,mid clouds absent,nuages haut absent,2015-10-01
Toulouse,43.621,1.378833,151,2015,Nov,11,1024.91875,3.4429166666666666,11.444583333333355,8.39125000000002,83.39583333333333,95.05352891156463,39.3,4,low clouds absent,mid clouds absent,nuages haut absent,2015-11-01
Toulouse,43.621,1.378833,151,2015,Dec,12,1028.8556451612903,3.2892281105990784,9.907834101382512,7.620564516129055,86.78744239631337,96.22557319223986,1.9,2,low clouds absent,mid clouds absent,nuages haut absent,2015-12-01
Toulouse,43.621,1.378833,151,2016,Jan,1,1019.2847926267281,3.6879032258064517,8.359907834101406,5.8149193548387315,84.8168202764977,97.28540706605223,36.9,11,low clouds absent,mid clouds absent,nuages haut absent,2016-01-01
Toulouse,43.621,1.378833,151,2016,Feb,2,1017.6461206896552,4.1636699507389165,8.063793103448297,4.157758620689679,77.72844827586206,96.10238095238095,91.9,10,low clouds absent,mid clouds absent,nuages haut absent,2016-02-01
Toulouse,43.621,1.378833,151,2016,Mar,3,1015.9298387096774,4.423387096774194,9.222580645161313,4.172580645161312,72.22177419354838,95.80753968253968,38.7,8,low clouds absent,mid clouds absent,nuages haut absent,2016-03-01
Toulouse,43.621,1.378833,151,2016,Apr,4,1014.3229166666666,4.351547619047619,12.522500000000024,6.250833333333356,68.13333333333334,96.56785714285715,50.9,8,low clouds absent,mid clouds absent,nuages haut absent,2016-04-01
Toulouse,43.621,1.378833,151,2016,May,5,1014.9939516129032,5.308467741935484,15.469758064516153,9.135080645161313,68.58467741935483,92.30180776014109,80.2,12,low clouds absent,mid clouds absent,nuages haut absent,2016-05-01
Toulouse,43.621,1.378833,151,2016,Jun,6,1017.3625,3.899107142857143,19.57571428571431,12.954583333333357,67.81071428571428,95.28,45.4,7,low clouds absent,mid clouds absent,nuages haut absent,2016-06-01
Toulouse,43.621,1.378833,151,2016,Jul,7,1019.627688172043,3.6809139784946234,22.461559139784967,14.405107526881741,63.17831541218638,92.84415584415585,69.6,5,low clouds absent,mid clouds absent,nuages haut absent,2016-07-01
Toulouse,43.621,1.378833,151,2016,Aug,8,1020.1290322580645,3.5560483870967743,23.002822580645184,12.808064516129054,56.15725806451613,95.59065934065934,24.5,1,low clouds absent,mid clouds absent,nuages haut absent,2016-08-01
Toulouse,43.621,1.378833,151,2016,Sep,9,1019.10125,3.328333333333333,20.90166666666669,12.40291666666669,61.704166666666666,93.07936507936508,14.4,2,low clouds absent,mid clouds absent,nuages haut absent,2016-09-01
Toulouse,43.621,1.378833,151,2016,Oct,10,1018.2620391705069,2.749769585253456,14.747695852534584,9.101382488479283,71.62845622119815,96.36418219461697,40.5,3,low clouds absent,mid clouds absent,nuages haut absent,2016-10-01
Toulouse,43.621,1.378833,151,2016,Nov,11,1016.5191666666667,3.0341666666666667,10.325833333333355,7.349583333333354,82.61666666666666,96.74808673469387,51.2,9,low clouds absent,mid clouds absent,nuages haut absent,2016-11-01
Toulouse,43.621,1.378833,151,2016,Dec,12,1028.8423387096775,2.0798387096774196,6.885080645161312,4.533467741935506,85.93548387096774,97.19671428571428,4.1,3,low clouds absent,mid clouds absent,nuages haut absent,2016-12-01
